Count,Mean,Std Dev,Min,Q1,Median,Q3,Max
1257,0.000667,0.022652,-0.151398,-0.011148,0.000781,0.012873,0.126949
